commune,edifice,lien
Loctudy,Ancien orgue,http://orgues.finistere.free.fr/spip/spip.php?article61&lang=fr
Bénodet,,http://orgues.finistere.free.fr/spip/spip.php?article3&lang=fr
Beuzec Cap Sizun,,http://orgues.finistere.free.fr/spip/spip.php?article22&lang=fr
Brest,Conservatoire,http://orgues.finistere.free.fr/spip/spip.php?article23&lang=fr
Brest,Conservatoire - Coffre,http://orgues.finistere.free.fr/spip/spip.php?article24&lang=fr
Brest,Kerbonne,http://orgues.finistere.free.fr/spip/spip.php?article26&lang=fr
Brest,Lambézellec,http://orgues.finistere.free.fr/spip/spip.php?article27&lang=fr
Brest,Ponchelet,http://orgues.finistere.free.fr/spip/spip.php?article54&lang=fr
Brest,Saint Michel,http://orgues.finistere.free.fr/spip/spip.php?article30&lang=fr
Brest,Saint Pierre,http://orgues.finistere.free.fr/spip/spip.php?article31&lang=fr
Brest,St Louis Gd Orgue,http://orgues.finistere.free.fr/spip/spip.php?article21&lang=fr
Brest,St Louis Salle Annexe,http://orgues.finistere.free.fr/spip/spip.php?article28&lang=fr
Brest,St Martin,http://orgues.finistere.free.fr/spip/spip.php?article29&lang=fr
Brest,Temple Voltaire,http://orgues.finistere.free.fr/spip/spip.php?article25&lang=fr
Brest CIN,,http://orgues.finistere.free.fr/spip/spip.php?article32&lang=fr
Brignogan,,http://orgues.finistere.free.fr/spip/spip.php?article33&lang=fr
Camaret,,http://orgues.finistere.free.fr/spip/spip.php?article34&lang=fr
Carantec,,http://orgues.finistere.free.fr/spip/spip.php?article35&lang=fr
Carhaix,,http://orgues.finistere.free.fr/spip/spip.php?article36&lang=fr
Cast,,http://orgues.finistere.free.fr/spip/spip.php?article37&lang=fr
Chateaulin,Notre Dame,http://orgues.finistere.free.fr/spip/spip.php?article38&lang=fr
Chateaulin,St Idunet,http://orgues.finistere.free.fr/spip/spip.php?article39&lang=fr
Chateauneuf du Faou,,http://orgues.finistere.free.fr/spip/spip.php?article40&lang=fr
Cléder,,http://orgues.finistere.free.fr/spip/spip.php?article41&lang=fr
Crozon,,http://orgues.finistere.free.fr/spip/spip.php?article42&lang=fr
Douarnenez,Ecole de musique,http://orgues.finistere.free.fr/spip/spip.php?article44&lang=fr
Douarnenez,Ploaré,http://orgues.finistere.free.fr/spip/spip.php?article92&lang=fr
Douarnenez,Sacré Coeur,http://orgues.finistere.free.fr/spip/spip.php?article43&lang=fr
Ergué-Gabéric,,http://orgues.finistere.free.fr/spip/spip.php?article4&lang=fr
Fouesnant,,http://orgues.finistere.free.fr/spip/spip.php?article12&lang=fr
Gouesnach,,http://orgues.finistere.free.fr/spip/spip.php?article46&lang=fr
Goulven,,http://orgues.finistere.free.fr/spip/spip.php?article47&lang=fr
Guerlesquin,,http://orgues.finistere.free.fr/spip/spip.php?article45&lang=fr
Ile de Batz,,http://orgues.finistere.free.fr/spip/spip.php?article48&lang=fr
Lampaul-Guimiliau,,http://orgues.finistere.free.fr/spip/spip.php?article91&lang=fr
Landerneau,,http://orgues.finistere.free.fr/spip/spip.php?article49&lang=fr
Landévennec,Grand Orgue,http://orgues.finistere.free.fr/spip/spip.php?article50&lang=fr
Landévennec,Orgue du choeur,http://orgues.finistere.free.fr/spip/spip.php?article51&lang=fr
Landivisiau,,http://orgues.finistere.free.fr/spip/spip.php?article19&lang=fr
Lanildut,,http://orgues.finistere.free.fr/spip/spip.php?article52&lang=fr
Lannilis,,http://orgues.finistere.free.fr/spip/spip.php?article53&lang=fr
Le Conquet,,http://orgues.finistere.free.fr/spip/spip.php?article55&lang=fr
Le Folgoët,,http://orgues.finistere.free.fr/spip/spip.php?article174&lang=fr
Le Relecq Kerhuon,,http://orgues.finistere.free.fr/spip/spip.php?article56&lang=fr
Lesneven,,http://orgues.finistere.free.fr/spip/spip.php?article85&lang=fr
Lesneven,Collège,http://orgues.finistere.free.fr/spip/spip.php?article58&lang=fr
Lesneven,Paroisse,http://orgues.finistere.free.fr/spip/spip.php?article57&lang=fr
Locquirec,,http://orgues.finistere.free.fr/spip/spip.php?article59&lang=fr
Locronan,,http://orgues.finistere.free.fr/spip/spip.php?article60&lang=fr
Loctudy,,http://orgues.finistere.free.fr/spip/spip.php?article199&lang=fr
Morlaix,St Mathieu GO,http://orgues.finistere.free.fr/spip/spip.php?article64&lang=fr
Morlaix,St Mathieu O Ch,http://orgues.finistere.free.fr/spip/spip.php?article66&lang=fr
Morlaix,St Melaine,http://orgues.finistere.free.fr/spip/spip.php?article115&lang=fr
Morlaix,St Martin,http://orgues.finistere.free.fr/spip/spip.php?article63&lang=fr
Pencran,,http://orgues.finistere.free.fr/spip/spip.php?article68&lang=fr
Pleyben,,http://orgues.finistere.free.fr/spip/spip.php?article16&lang=fr
Plouénan,,http://orgues.finistere.free.fr/spip/spip.php?article69&lang=fr
Plouescat,,http://orgues.finistere.free.fr/spip/spip.php?article70&lang=fr
Plougasnou,,http://orgues.finistere.free.fr/spip/spip.php?article71&lang=fr
Plougastel,,http://orgues.finistere.free.fr/spip/spip.php?article72&lang=fr
Plouguerneau,,http://orgues.finistere.free.fr/spip/spip.php?article73&lang=fr
Plouhinec,,http://orgues.finistere.free.fr/spip/spip.php?article74&lang=fr
Ploujean,,http://orgues.finistere.free.fr/spip/spip.php?article13&lang=fr
Ploujean,,http://orgues.finistere.free.fr/spip/spip.php?article62&lang=fr
Ploumoguer,,http://orgues.finistere.free.fr/spip/spip.php?article75&lang=fr
Plouzévédé,,http://orgues.finistere.free.fr/spip/spip.php?article76&lang=fr
Pont Croix,,http://orgues.finistere.free.fr/spip/spip.php?article77&lang=fr
Pont Croix,,http://orgues.finistere.free.fr/spip/spip.php?article78&lang=fr
Pont L'Abbé,,http://orgues.finistere.free.fr/spip/spip.php?article20&lang=fr
Pont L’Abbé,,http://orgues.finistere.free.fr/spip/spip.php?article80&lang=fr
Porspoder,,http://orgues.finistere.free.fr/spip/spip.php?article81&lang=fr
Poulglazec,,http://orgues.finistere.free.fr/spip/spip.php?article86&lang=fr
Quéménenven,Kergoat,http://orgues.finistere.free.fr/spip/spip.php?article116&lang=fr
Quimper,Grand Séminaire,http://orgues.finistere.free.fr/spip/spip.php?article120&lang=fr
Quimper,locmaria,http://orgues.finistere.free.fr/spip/spip.php?article106&lang=fr
Quimper,St Corentin Orgue de choeur,http://orgues.finistere.free.fr/spip/spip.php?article17&lang=fr
Quimper,St Mathieu GO,http://orgues.finistere.free.fr/spip/spip.php?article118&lang=fr
Quimper,St Mathieu O Choeur,http://orgues.finistere.free.fr/spip/spip.php?article119&lang=fr
Quimper,St Thérèse,http://orgues.finistere.free.fr/spip/spip.php?article117&lang=fr
Quimperlé,Kerbertrand,http://orgues.finistere.free.fr/spip/spip.php?article123&lang=fr
Quimperlé,St Michel,http://orgues.finistere.free.fr/spip/spip.php?article121&lang=fr
Quimperlé,Ste Croix,http://orgues.finistere.free.fr/spip/spip.php?article122&lang=fr
Roscoff,,http://orgues.finistere.free.fr/spip/spip.php?article104&lang=fr
Rosporden,,http://orgues.finistere.free.fr/spip/spip.php?article103&lang=fr
Rumengol,,http://orgues.finistere.free.fr/spip/spip.php?article102&lang=fr
Santec,,http://orgues.finistere.free.fr/spip/spip.php?article101&lang=fr
Scaer,,http://orgues.finistere.free.fr/spip/spip.php?article100&lang=fr
Sizun,,http://orgues.finistere.free.fr/spip/spip.php?article99&lang=fr
St Corentin,Grand Orgue,http://orgues.finistere.free.fr/spip/spip.php?article18&lang=fr
St Pol de Léon,Cathédrale,http://orgues.finistere.free.fr/spip/spip.php?article14&lang=fr
St Pol de Léon,St Pierre,http://orgues.finistere.free.fr/spip/spip.php?article98&lang=fr
St Sauveur,,http://orgues.finistere.free.fr/spip/spip.php?article97&lang=fr
St Thégonnec,Grand Orgue,http://orgues.finistere.free.fr/spip/spip.php?article15&lang=fr
St Thégonnec,Orgue de Choeur,http://orgues.finistere.free.fr/spip/spip.php?article96&lang=fr
Tréboul,,http://orgues.finistere.free.fr/spip/spip.php?article95&lang=fr
