commune,edifice,appellation,lien
Paris,Église Notre-Dame-de-l'Assomption,,http://orgue.free.fr/a1o1.html
Paris,Église réformée de l'oratoire du Louvre,,http://orgue.free.fr/a1o2.html
Paris,Église Saint Eustache,,http://orgue.free.fr/eustache.html
Paris,Église Saint Germain-l'Auxerrois,Grand-Orgue,http://orgue.free.fr/a1o3.html
Paris,Église Saint Germain-l'Auxerrois,Orgue de choeur,http://orgue.free.fr/a1o3bis.html
Paris,Église Saint Leu-Saint Gilles,Grand-Orgue,http://orgue.free.fr/a1o4.html
Paris,Église Saint Leu-Saint Gilles,Orgue de choeur,http://orgue.free.fr/a1o4bis.html
Paris,Église Saint Roch,Grand-Orgue,http://orgue.free.fr/a1o5.html
Paris,Église Saint Roch,Orgue de choeur,http://orgue.free.fr/a1o5bis.html
Paris,Église Saint Roch,Orgue de la chapelle de la Vierge,http://orgue.free.fr/a1o5ter.html
Paris,Église Notre-Dame-de-Bonne-Nouvelle,,http://orgue.free.fr/a2o1.html
Paris,Église Notre-Dame-des-Victoires,Grand-Orgue,http://orgue.free.fr/a2o2.html
Paris,Église Notre-Dame-des-Victoires,Orgue de choeur,http://orgue.free.fr/a2o2bis.html
Paris,Église Sainte Croix-Saint Jean,Grand-Orgue,http://orgue.free.fr/a3o1.html
Paris,Église Sainte Croix-Saint Jean,Orgue de choeur,http://orgue.free.fr/a3o1bis.html
Paris,Église Saint Denys-du-Saint-Sacrement,Grand-Orgue,http://orgue.free.fr/a3o2.html
Paris,Église Saint Denys-du-Saint-Sacrement,Orgue de choeur,http://orgue.free.fr/a3o2bis.html
Paris,Église Sainte Elisabeth,Grand-Orgue,http://orgue.free.fr/a3o3.html
Paris,Église Sainte Elisabeth,Orgue de choeur,http://orgue.free.fr/a3o3bis.html
Paris,Église Saint Nicolas-des-Champs,Grand-Orgue,http://orgue.free.fr/a3o4.html
Paris,Église Saint Nicolas-des-Champs,Orgue de choeur,http://orgue.free.fr/a3o4bis.html
Paris,Synagogue,,http://orgue.free.fr/a3o5.html
Paris,Cathédrale Notre-Dame-de-Paris,Grand-Orgue,http://orgue.free.fr/a4o2.html
Paris,Cathédrale Notre-Dame-de-Paris,Orgue de choeur,http://orgue.free.fr/a4o2bis.html
Paris,Église Luthérienne des Billettes,,http://orgue.free.fr/a4o1.html
Paris,Temple Sainte Marie,,http://orgue.free.fr/a4o11.html
Paris,Cité internationale des arts,,http://orgue.free.fr/a4o3.html
Paris,École des Francs-bourgeois,,http://orgue.free.fr/a4o4.html
Paris,Église Notre-Dame-des-Blancs-Manteaux,Grand-Orgue,http://orgue.free.fr/a4o5.html
Paris,Église Notre-Dame-des-Blancs-Manteaux,Orgue de choeur,http://orgue.free.fr/a4o5bis.html
Paris,Église réformée de Sainte-Marie,,http://orgue.free.fr/a4o6.html
Paris,Église Saint Gervais,Grand-Orgue,http://orgue.free.fr/a4o7.html
Paris,Église Saint Gervais,Orgue de choeur,http://orgue.free.fr/a4o7bis.html
Paris,Église Saint Louis-en-l'Ile,Grand-Orgue,http://orgue.free.fr/a4o8.html
Paris,Église Saint Louis-en-l'Ile,Orgue de choeur,http://orgue.free.fr/a4o8bis.html
Paris,Église Saint Merry,Grand-Orgue,http://orgue.free.fr/a4o9.html
Paris,Église Saint Merry,Orgue de choeur,http://orgue.free.fr/a4o9bis.html
Paris,Église Saint Paul-Saint Louis,Grand-Orgue,http://orgue.free.fr/a4o10.html
Paris,Église Saint Paul-Saint Louis,Orgue de choeur,http://orgue.free.fr/a4o10bis.html
Paris,Chapelle de la congrégation du Saint Esprit,,http://orgue.free.fr/a5o1.html
Paris,Chapelle du lycée Henri IV,,http://orgue.free.fr/a5o2.html
Paris,Chapelle Notre-Dame de l'hôpital du Val-de-grâce,,http://orgue.free.fr/a5o3.html
Paris,Chapelle de la Sorbonne,,http://orgue.free.fr/a5o4.html
Paris,Église luthérienne Saint Marcel,,http://orgue.free.fr/a5o5.html
Paris,Église Notre-Dame du Liban,,http://orgue.free.fr/a5o6.html
Paris,Église Saint Etienne-du-Mont,Grand-Orgue,http://orgue.free.fr/a5o7.html
Paris,Église Saint Etienne-du-Mont,Orgue de choeur,http://orgue.free.fr/a5o7bis.html
Paris,Église Saint Jacques-du-Haut-Pas,Grand-Orgue,http://orgue.free.fr/a5o8.html
Paris,Église Saint Jacques-du-Haut-Pas,Orgue de choeur,http://orgue.free.fr/a5o8bis.html
Paris,Église Saint Médard,Grand-Orgue,http://orgue.free.fr/a5o9.html
Paris,Église Saint Médard,Orgue de choeur,http://orgue.free.fr/a5o9bis.html
Paris,Église Saint Nicolas-du-Chardonnet,Grand-Orgue,http://orgue.free.fr/a5o10.html
Paris,Église Saint Nicolas-du-Chardonnet,Orgue de choeur,http://orgue.free.fr/a5o10bis.html
Paris,Église Saint Séverin,Grand-Orgue,http://orgue.free.fr/a5o11.html
Paris,Église Saint Séverin,Orgue de choeur,http://orgue.free.fr/a5o11bis.html
Paris,Schola Cantorum,,http://orgue.free.fr/a5o12.html
Paris,Chapelle de la congrégation du Bon Secours de Paris,,http://orgue.free.fr/a6o1.html
Paris,Congrégation des Lazaristes,,http://orgue.free.fr/a6o2.html
Paris,Chapelle des soeurs auxiliatrices,,http://orgue.free.fr/a6o3.html
Paris,Chapelle des soeurs du Saint Enfant Jésus,,http://orgue.free.fr/a6o4.html
Paris,École César Franck,,http://orgue.free.fr/a6o5.html
Paris,Église Notre-Dame-des-Champs,Grand-Orgue,http://orgue.free.fr/a6o6.html
Paris,Église Notre-Dame-des-Champs,Orgue de choeur,http://orgue.free.fr/a6o6bis.html
Paris,Église reformée de Paris-Luxembourg,,http://orgue.free.fr/a6o7.html
Paris,Église Saint Germain-des-Prés,,http://orgue.free.fr/a6o8.html
Paris,Église Saint Ignace,,http://orgue.free.fr/a6o9.html
Paris,Église Saint Joseph-des-Carmes,,http://orgue.free.fr/a6o10.html
Paris,Église Saint Sulpice,,http://orgue.free.fr/sulpice.html
Paris,Chapelle de l'école militaire,,http://orgue.free.fr/a7o2.html
Paris,Chapelle de la médaille miraculeuse,,http://orgue.free.fr/a7o3.html
Paris,Chapelle des missions étrangères,,http://orgue.free.fr/a7o4.html
Paris,Chapelle Notre-Dame-du-Bon-Conseil,,http://orgue.free.fr/a7o5.html
Paris,Chapelle Saint Vincent-de-Paul,,http://orgue.free.fr/a7o16.html
Paris,Église Américaine,,http://orgue.free.fr/a7o6.html
Paris,Église évangélique Baptiste,,http://orgue.free.fr/a7o7.html
Paris,Église luthérienne Saint Jean,,http://orgue.free.fr/a7o8.html
Paris,Église Sainte Clotilde,Grand-Orgue,http://orgue.free.fr/a7o9.html
Paris,Église Sainte Clotilde,Orgue d'accompagnement sur tribune,http://orgue.free.fr/a7o9bis.html
Paris,Église Sainte Clotilde,Chapelle des catéchisme,http://orgue.free.fr/a7o1.html
Paris,Église Saint François-Xavier,Grand-Orgue,http://orgue.free.fr/a7o10.html
Paris,Église Saint François-Xavier,Orgue de choeur,http://orgue.free.fr/a7o10bis.html
Paris,Église Saint François-Xavier,Orgue de la chapelle de la Sainte Vierge,http://orgue.free.fr/a7o10ter.html
Paris,Église Saint Louis-des-Invalides,,http://orgue.free.fr/a7o11.html
Paris,Église Saint Pierre-du-Gros-Caillou,Grand-Orgue,http://orgue.free.fr/a7o12.html
Paris,Église Saint Pierre-du-Gros-Caillou,Orgue de la chapelle,http://orgue.free.fr/a7o12bis.html
Paris,Église Saint Thomas-d'Aquin,,http://orgue.free.fr/a7o13.html
Paris,Institut National des Jeunes Aveugles,Salle Marchal,http://orgue.free.fr/a7o14bis.html
Paris,Institut National des Jeunes Aveugles,Salle Serres,http://orgue.free.fr/a7o14.html
Paris,Institut National des Jeunes Aveugles,Salle Duroc,http://orgue.free.fr/a7o14ter.html
Paris,Temple de Pentemont,,http://orgue.free.fr/a7o15.html
Paris,Cathédrale Américaine,,http://orgue.free.fr/a8o1.html
Paris,Chapelle du collège et lycée Fénelon,,http://orgue.free.fr/a8o2.html
Paris,Chapelle du Corpus-Christi,,http://orgue.free.fr/a8o3.html
Paris,Chapelle du couvent des Dominicains,,http://orgue.free.fr/a8o4.html
Paris,Conservatoire National de Région,Salle Berlioz,http://orgue.free.fr/a8o5.html
Paris,Église Anglaise Saint Joseph,,http://orgue.free.fr/a8o6.html
Paris,Église anglicane Saint Michael,,http://orgue.free.fr/a8o7.html
Paris,Église Arménienne,,http://orgue.free.fr/a8o8.html
Paris,Église Danoise,,http://orgue.free.fr/a8o9.html
Paris,Église réformée du Saint Esprit,,http://orgue.free.fr/a8o10.html
Paris,Église Saint André-de-l'Europe,,http://orgue.free.fr/a8o11.html
Paris,Église Saint Augustin,Grand-Orgue,http://orgue.free.fr/a8o12.html
Paris,Église Saint Augustin,Orgue de choeur,http://orgue.free.fr/a8o12bis.html
Paris,Église Sainte Madeleine,Grand-Orgue,http://orgue.free.fr/a8o13.html
Paris,Église Sainte Madeleine,Orgue de choeur,http://orgue.free.fr/a8o13bis.html
Paris,Église Saint Philippe-du-Roule,Grand-Orgue,http://orgue.free.fr/a8o14.html
Paris,Église Saint Philippe-du-Roule,Orgue de choeur,http://orgue.free.fr/a8o14bis.html
Paris,Chapelle du Lycée Jacques-Decour,,http://orgue.free.fr/a9o1.html
Paris,Église évangélique Allemande,,http://orgue.free.fr/a9o2.html
Paris,Église luthérienne de la Rédemption,,http://orgue.free.fr/a9o3.html
Paris,Église Notre-Dame-de-Lorette,Grand-Orgue,http://orgue.free.fr/a9o4.html
Paris,Église Notre-Dame-de-Lorette,Orgue de choeur,http://orgue.free.fr/a9o4bis.html
Paris,Église Saint Eugène-Sainte Cécile,Grand-Orgue,http://orgue.free.fr/a9o5.html
Paris,Église Saint Eugène-Sainte Cécile,Orgue d'accompagnement sur tribune,http://orgue.free.fr/a9o5bis.html
Paris,Église Saint Louis-d'Antin,,http://orgue.free.fr/a9o6.html
Paris,Église de la Sainte Trinité,Grand-Orgue,http://orgue.free.fr/a9o7.html
Paris,Église de la Sainte Trinité,Orgue de choeur,http://orgue.free.fr/a9o7bis.html
Paris,Opéra de Paris-Garnier,,http://orgue.free.fr/a9o8.html
Paris,Synagogue,,http://orgue.free.fr/a9o9.html
Paris,Synagogue,2,http://orgue.free.fr/a9o10.html
Paris,Chapelle de l'hôpital Lariboisière,,http://orgue.free.fr/a10o1.html
Paris,Église réformée de la Rencontre,,http://orgue.free.fr/a10o2.html
Paris,Église Saint Joseph-Artisan,,http://orgue.free.fr/a10o3.html
Paris,Église Saint Laurent,Grand-Orgue,http://orgue.free.fr/a10o4.html
Paris,Église Saint Laurent,Orgue de choeur,http://orgue.free.fr/a10o4bis.html
Paris,Église Saint Martin-des-Champs,,http://orgue.free.fr/a10o5.html
Paris,Église Saint Vincent-de-Paul,Grand-Orgue,http://orgue.free.fr/a10o6.html
Paris,Église Saint Vincent-de-Paul,Orgue de choeur,http://orgue.free.fr/a10o6bis.html
Paris,Chapelle Notre-Dame réconciliatrice de la Salette,,http://orgue.free.fr/a11o1.html
Paris,Église évangélique luthérienne du Bon Secours,,http://orgue.free.fr/a11o2.html
Paris,Église Notre-Dame-du-Perpétuel-Secours,,http://orgue.free.fr/a11o3.html
Paris,Église protestante du foyer de l'âme,,http://orgue.free.fr/a11o4.html
Paris,Église Saint Ambroise,Grand-Orgue,http://orgue.free.fr/a11o5.html
Paris,Église Saint Ambroise,Orgue de choeur,http://orgue.free.fr/a11o5bis.html
Paris,Église Saint Joseph,,http://orgue.free.fr/a11o6.html
Paris,Église Sainte Marguerite,Grand-Orgue,http://orgue.free.fr/a11o7.html
Paris,Église Sainte Marguerite,Orgue de choeur,http://orgue.free.fr/a11o7bis.html
Paris,Maison de la congrégation des Sacrés-Coeurs et de l'Adoration perpétuelle,,http://orgue.free.fr/a12o1.html
Paris,Chapelle de la fondation Eugène-Napoléon,,http://orgue.free.fr/a12o2.html
Paris,Église de l'Immaculée Conception,,http://orgue.free.fr/a12o3.html
Paris,Église Notre-Dame-de-Bercy,,http://orgue.free.fr/a12o4.html
Paris,Église Saint Antoine des Quinze-Vingts,Grand-Orgue,http://orgue.free.fr/a12o5.html
Paris,Église Saint Antoine des Quinze-Vingts,Orgue d'accompagnement sur tribune,http://orgue.free.fr/a12o5bis.html
Paris,Église du Saint Esprit,,http://orgue.free.fr/a12o6.html
Paris,Église Saint Eloi,,http://orgue.free.fr/a12o7.html
Paris,Chapelle de l'hôpital de la Salpêtrière,Grand-Orgue,http://orgue.free.fr/a13o1.html
Paris,Chapelle de l'hôpital de la Salpêtrière,Orgue de la chapelle Saint Vincent,http://orgue.free.fr/a13o1bis.html
Paris,Église luthérienne de la Trinité,,http://orgue.free.fr/a13o2.html
Paris,Église Notre-Dame-de-la-Gare,Grand-Orgue,http://orgue.free.fr/a13o3.html
Paris,Église Notre-Dame-de-la-Gare,Orgue de choeur,http://orgue.free.fr/a13o3bis.html
Paris,Église réformée de Port-Royal,,http://orgue.free.fr/a13o4.html
Paris,Église Saint Anne-de-la-Maison-Blanche,,http://orgue.free.fr/a13o5.html
Paris,Église Saint Hippolyte,,http://orgue.free.fr/a13o6.html
Paris,Église Saint Marcel,,http://orgue.free.fr/a13o7.html
Paris,Église Sainte Rosalie,,http://orgue.free.fr/a13o8.html
Paris,Chapelle des pères Franciscains,,http://orgue.free.fr/a14o1.html
Paris,Chapelle des soeurs de Saint Joseph-de-Cluny,,http://orgue.free.fr/a14o2.html
Paris,Église évangélique Baptiste,,http://orgue.free.fr/a14o3.html
Paris,Église Notre-Dame-du-Rosaire,,http://orgue.free.fr/a14o4.html
Paris,Église Notre-Dame-du-Travail,,http://orgue.free.fr/a14o5.html
Paris,Église réformée de Paris-Plaisance,,http://orgue.free.fr/a14o6.html
Paris,Église Saint Dominique,,http://orgue.free.fr/a14o7.html
Paris,Église Saint Pierre-du-Montrouge,Grand-Orgue,http://orgue.free.fr/a14o8.html
Paris,Église Saint Pierre-du-Montrouge,Orgue de choeur,http://orgue.free.fr/a14o8bis.html
Paris,Chapelle des frères hospitaliers de Saint Jean-de-Dieu,,http://orgue.free.fr/a15o1.html
Paris,Église évangélique luthérienne de la résurrection,,http://orgue.free.fr/a15o3.html
Paris,Église Notre-Dame-de-la-Salette,,http://orgue.free.fr/a15o4.html
Paris,Église Saint Antoine de Padoue,,http://orgue.free.fr/a15o4bis.html
Paris,Église Saint Christophe-de-Javel,,http://orgue.free.fr/a15o5.html
Paris,Église Saint Jean-Baptiste-de-Grenelle,,http://orgue.free.fr/a15o6.html
Paris,Église Saint Jean-Baptiste-de-la-Salle,,http://orgue.free.fr/a15o7.html
Paris,Église Saint Lambert-de-Vaugirard,,http://orgue.free.fr/a15o8.html
Paris,Église Saint Léon,,http://orgue.free.fr/a15o9.html
Paris,Chapelle du collège et lycée Gerson,,http://orgue.free.fr/a16o1.html
Paris,Chapelle du collège et lycée Saint Louis-de-Gonzague,,http://orgue.free.fr/a16o2.html
Paris,Ancienne Église Saint Honoré-d'Eylau,,http://orgue.free.fr/a16o3.html
Paris,Nouvelle Église Saint Honoré-d'Eylau,Grand-Orgue,http://orgue.free.fr/a16o7.html
Paris,Nouvelle Église Saint Honoré-d'Eylau,Orgue de choeur,http://orgue.free.fr/a16o7bis.html
Paris,Ancienne Église Notre-Dame-de-Grâce-de-Passy,Grand-Orgue,http://orgue.free.fr/a16o4.html
Paris,Ancienne Église Notre-Dame-de-Grâce-de-Passy,Orgue d'accompagnement sur tribune,http://orgue.free.fr/a16o4bis.html
Paris,Nouvelle Église Notre-Dame-de-Grâce-de-Passy,,http://orgue.free.fr/a16o6.html
Paris,Église Anglicane Saint Georges,,http://orgue.free.fr/a16o8.html
Paris,Église du Christ Scientiste,,http://orgue.free.fr/a16o9.html
Paris,Église de la mission espagnole,,http://orgue.free.fr/a16o10.html
Paris,Église Notre-Dame-de-l'Assomption-de-Passy,,http://orgue.free.fr/a16o11.html
Paris,Église Notre-Dame-d'Auteuil,,http://orgue.free.fr/a16o12.html
Paris,Église réformée de l'Annonciation,,http://orgue.free.fr/a16o13.html
Paris,Église réformée d'Auteuil,,http://orgue.free.fr/a16o14.html
Paris,Église Sainte Jeanne-de-Chantal,,http://orgue.free.fr/a16o15.html
Paris,Église Saint Pierre-de-Chaillot,Grand-Orgue,http://orgue.free.fr/a16o16.html
Paris,Église Saint Pierre-de-Chaillot,Orgue de choeur,http://orgue.free.fr/a16o16bis.html
Paris,Maison de Radio-France,Orgue positif,http://orgue.free.fr/a16o17ter.html
Paris,Chapelle des Franciscaines réparatrices de Jésus Hostie,,http://orgue.free.fr/a17o1.html
Paris,Nouvelle Église Saint François-de-Sales,,http://orgue.free.fr/a17o2.html
Paris,Ancienne Église Saint François-de-Sales,,http://orgue.free.fr/a17o3.html
Paris,Église luthérienne de l'Ascension,,http://orgue.free.fr/a17o4.html
Paris,Église réformée des Batignolles,,http://orgue.free.fr/a17o5.html
Paris,Église réformée de l'Etoile,,http://orgue.free.fr/a17o6.html
Paris,Église Saint Charles-de-Monceau,,http://orgue.free.fr/a17o7.html
Paris,Église Saint Ferdinand-des-Ternes,,http://orgue.free.fr/a17o8.html
Paris,Église Saint Joseph-des-Epinettes,,http://orgue.free.fr/a17o9.html
Paris,Église Saint Michel-des-Batignolles,,http://orgue.free.fr/a17o10.html
Paris,Église Sainte Marie-des-Batignolles,,http://orgue.free.fr/a17o11.html
Paris,Église Sainte Odile,,http://orgue.free.fr/a17o12.html
Paris,Église Suédoise,,http://orgue.free.fr/a17o13.html
Paris,Basilique du Sacré-Coeur,Grand-Orgue,http://orgue.free.fr/a18o1.html
Paris,Basilique du Sacré-Coeur,Orgue de choeur,http://orgue.free.fr/a18o1bis.html
Paris,Église évangélique Saint Paul,,http://orgue.free.fr/a18o2.html
Paris,Église Notre-Dame-de-Clignancourt,Grand-Orgue,http://orgue.free.fr/a18o3.html
Paris,Église Notre-Dame-de-Clignancourt,Orgue de choeur,http://orgue.free.fr/a18o3bis.html
Paris,Église Saint Bernard-de-la-Chapelle,Grand-Orgue,http://orgue.free.fr/a18o4.html
Paris,Église Saint Bernard-de-la-Chapelle,Orgue de choeur,http://orgue.free.fr/a18o4bis.html
Paris,Église Saint Denis-de-la-Chapelle,,http://orgue.free.fr/a18o5.html
Paris,Église Sainte Geneviève-des-Grandes-Carrières,,http://orgue.free.fr/a18o6.html
Paris,Église Saint Jean-de-Montmartre,,http://orgue.free.fr/a18o7.html
Paris,Église Saint Pierre-de-Montmartre,,http://orgue.free.fr/a18o8.html
Paris,Conservatoire National Supérieur de Musique,,http://orgue.free.fr/a19o1.html
Paris,Église luthérienne de la Villette,,http://orgue.free.fr/a19o2.html
Paris,Église Notre-Dame-des-Foyers,,http://orgue.free.fr/a19o7.html
Paris,Église Saint François-d'Assise,,http://orgue.free.fr/a19o3.html
Paris,Église Saint Georges,,http://orgue.free.fr/a19o4.html
Paris,Église Saint Jacques-Saint Christophe-de-la-Villette,,http://orgue.free.fr/a19o5.html
Paris,Église Saint Jean-Baptiste-de-Belleville,Grand-Orgue,http://orgue.free.fr/a19o6.html
Paris,Église Saint Jean-Baptiste-de-Belleville,Orgue de choeur,http://orgue.free.fr/a19o6bis.html
Paris,Cimetière du Père Lachaise,,http://orgue.free.fr/a20o1.html
Paris,Église du Coeur Eucharistique de Jésus,,http://orgue.free.fr/a20o2.html
Paris,Église Notre-Dame-de-la-Croix,Grand-Orgue,http://orgue.free.fr/a20o3.html
Paris,Église Notre-Dame-de-la-Croix,Orgue de choeur,http://orgue.free.fr/a20o3bis.html
Paris,Église Notre-Dame-des-Otages,,http://orgue.free.fr/a20o4.html
Paris,Église reformée de Belleville,,http://orgue.free.fr/a20o5.html
Paris,Église Saint Gabriel,,http://orgue.free.fr/a20o6.html
Paris,Église Saint Germain-de-Charonne,,http://orgue.free.fr/a20o7.html
Paris,Église Saint Jean-Bosco,,http://orgue.free.fr/a20o8.html
Paris,16ème arrondissement - maison de Radio-France,Studio 104,http://orgue.free.fr/a16o17.html
Paris,16ème arrondissement - maison de Radio-France,Studio 103,http://orgue.free.fr/a16o17bis.html
Paris,15ème arrondissement - chapelle des petites soeurs de l'Assomption,,http://orgue.free.fr/a15o2.html
